Workbook

Sheet PreTrain
A1: # | B1: Book ID | C1: Size in KB | D1: Chars | E1: Epochs | F1: Time | G1: s/ep | H1: Val Loss | I1: Val PPL | J1: Train Loss | N1: Sum of Time
A2: 1 | B2: a_course_of_pure_mathematics | C2: 875 | D2: 895837 | E2: 68 | F2: 10.1 | G2: 8.9 | H2: 4.8999 | I2: 134.3 | J2: 3.9427 | N2: 161.1 | O2: =N2/60 -> 2.685
A3: 2 | B3: a_first_book_in_algebra | C3: 176 | D3: 179877 | E3: 111 | F3: 4.1 | G3: 2.2 | H3: 3.558 | I3: 35.1 | J3: 3.855
A4: 3 | B4: amusements_in_mathematics | C4: 888 | D4: 908238 | E4: 54 | F4: 6.6 | G4: 7.3 | H4: 5.7765 | I4: 322.6 | J4: 5.3107
A5: 4 | B5: an_elementary_course_in_synthetic_projective_geometry | C5: 192 | D5: 194672 | E5: 85 | F5: 1.4 | G5: 1 | H5: 6.3145 | I5: 552.6 | J5: 5.0747
A6: 5 | B6: an_essay_on_the_foundations_of_geometry | C6: 472 | D6: 483107 | E6: 85 | F6: 4.4 | G6: 3.1 | H6: 5.9881 | I6: 398.7 | J6: 5.3052
A7: 6 | B7: an_introduction_to_mathematics | C7: 304 | D7: 310852 | E7: 60 | F7: 2.1 | G7: 2.1 | H7: 7.4866 | I7: 1784 | J7: 6.0376
A8: 7 | B8: an_introduction_to_nonassociative_algebras | C8: 18 | D8: 18282 | E8: 200 | F8: 0.5 | G8: 0.1 | H8: 0.7644 | I8: 2.1 | J8: 0.7662
A9: 8 | B9: an_investigation_of_the_laws_of_thought | C9: 770 | D9: 788957 | E9: 73 | F9: 7.4 | G9: 6.1 | H9: 6.1668 | I9: 476.7 | J9: 4.5859
A10: 9 | B10: arxiv_1010_4298v7 | C10: 37 | D10: 35391 | E10: 102 | F10: 1 | G10: 0.6 | H10: 6.3681 | I10: 583 | J10: 2.872
A11: 10 | B11: arxiv_1308_5049v1 | C11: 53 | D11: 52571 | E11: 80 | F11: 0.7 | G11: 0.6 | H11: 6.9955 | I11: 1091.7 | J11: 4.1756
A12: 11 | B12: arxiv_1406_0230v2 | C12: 65 | D12: 66327 | E12: 59 | F12: 0.6 | G12: 0.6 | H12: 7.3513 | I12: 1558.2 | J12: 4.726
A13: 12 | B13: arxiv_1607_06196v2 | C13: 36 | D13: 37074 | E13: 104 | F13: 0.8 | G13: 0.4 | H13: 5.8893 | I13: 361.2 | J13: 3.3358
A14: 13 | B14: arxiv_1611_08806v3 | C14: 69 | D14: 68640 | E14: 84 | F14: 0.8 | G14: 0.6 | H14: 6.5443 | I14: 695.3 | J14: 4.873
... A62: 61 | B62: vector_analysis_and_quaternions | C62: 73 | D62: 74782 | E62: 94 | F62: 0.8 | G62: 0.5 | H62: 5.8342 | I62: 341.8 | J62: 4.323

Sheet FineTune
A1: # | B1: Book ID | C1: Size In KB | D1: Chars | E1: QA Pairs | F1: Epochs | G1: Time | H1: s/ep | I1: FT Val | J1: FT PPL | K1: PT Val | L1: Δ Loss | P1: Size In KB | Q1: Time
A2: 1 | B2: a_course_of_pure_mathematics | C2: =VLOOKUP(B2,PreTrain!B2:D62,2,FALSE) -> 875 | D2: =VLOOKUP(B2,PreTrain!B2:D62,3,FALSE) -> 895837 | E2: 2000 | F2: 30 | G2: 14.5 | H2: 29.1 | I2: 3.5589 | J2: 35.1 | K2: 4.8999 | L2: -1.341 | P2: 176 | Q2: 9.2
A3: 2 | B3: a_first_book_in_algebra | C3: =VLOOKUP(B3,PreTrain!B3:D63,2,FALSE) -> 176 | D3: =VLOOKUP(B3,PreTrain!B3:D63,3,FALSE) -> 179877 | E3: 1293 | F3: 30 | G3: 9.2 | H3: 18.4 | I3: 3.7024 | J3: 40.5 | K3: 3.558 | L3: 0.1444 | P3: 192 | Q3: 12.5
A4: 3 | B4: amusements_in_mathematics | C4: =VLOOKUP(B4,PreTrain!B4:D64,2,FALSE) -> 888 | D4: =VLOOKUP(B4,PreTrain!B4:D64,3,FALSE) -> 908238 | E4: 2000 | F4: 30 | G4: 14.6 | H4: 29.1 | I4: 4.5552 | J4: 95.1 | K4: 5.7765 | L4: -1.2212 | P4: 230 | Q4: 9.9
A5: 4 | B5: an_introduction_to_mathematics | C5: =VLOOKUP(B5,PreTrain!B5:D65,2,FALSE) -> 304 | D5: =VLOOKUP(B5,PreTrain!B5:D65,3,FALSE) -> 310852 | E5: 2000 | F5: 30 | G5: 14.4 | H5: 28.8 | I5: 5.1568 | J5: 173.6 | K5: 7.4866 | L5: -2.3299 | P5: 256 | Q5: 12.6
A6: 5 | B6: calculus_made_easy | C6: =VLOOKUP(B6,PreTrain!B6:D66,2,FALSE) -> 256 | D6: =VLOOKUP(B6,PreTrain!B6:D66,3,FALSE) -> 261740 | E6: 1740 | F6: 30 | G6: 12.6 | H6: 25.2 | I6: 4.4784 | J6: 88.1 | K6: 5.0136 | L6: -0.5352 | P6: 300 | Q6: 15.1
A7: 6 | B7: openstax_algebra_and_trigonometry_2e | C7: =VLOOKUP(B7,PreTrain!B7:D67,2,FALSE) -> 1821 | D7: =VLOOKUP(B7,PreTrain!B7:D67,3,FALSE) -> 1854300 | E7: 2000 | F7: 30 | G7: 14 | H7: 28 | I7: 3.8448 | J7: 46.7 | K7: 6.1362 | L7: -2.2914 | P7: 304 | Q7: 14.4
A8: 7 | B8: plane_geometry | C8: =VLOOKUP(B8,PreTrain!B8:D68,2,FALSE) -> 300 | D8: =VLOOKUP(B8,PreTrain!B8:D68,3,FALSE) -> 306401 | E8: 2000 | F8: 30 | G8: 15.1 | H8: 30.1 | I8: 3.3031 | J8: 27.2 | K8: 5.245 | L8: -1.9419 | P8: 488 | Q8: 14.6
A9: 8 | B9: the_elements_of_non-euclidean_geometry | C9: =VLOOKUP(B9,PreTrain!B9:D69,2,FALSE) -> 539 | D9: =VLOOKUP(B9,PreTrain!B9:D69,3,FALSE) -> 552041 | E9: 2000 | F9: 30 | G9: 14.8 | H9: 29.6 | I9: 4.3809 | J9: 79.9 | K9: 7.184 | L9: -2.803 | P9: 539 | Q9: 14.8
A10: 9 | B10: the_first_six_books_of_the_elements_of_euclid | C10: =VLOOKUP(B10,PreTrain!B10:D70,2,FALSE) -> 488 | D10: =VLOOKUP(B10,PreTrain!B10:D70,3,FALSE) -> 500054 | E10: 2000 | F10: 30 | G10: 14.6 | H10: 29.2 | I10: 3.7351 | J10: 41.9 | K10: 6.076 | L10: -2.3409 | P10: 875 | Q10: 14.5
A11: 10 | B11: the_first_steps_in_algebra | C11: =VLOOKUP(B11,PreTrain!B11:D71,2,FALSE) -> 230 | D11: =VLOOKUP(B11,PreTrain!B11:D71,3,FALSE) -> 235706 | E11: 1429 | F11: 30 | G11: 9.9 | H11: 19.8 | I11: 3.9574 | J11: 52.3 | K11: 3.1779 | L11: 0.7795 | P11: 888 | Q11: 14.6
A12: 11 | B12: the_foundations_of_geometry | C12: =VLOOKUP(B12,PreTrain!B12:D72,2,FALSE) -> 192 | D12: =VLOOKUP(B12,PreTrain!B12:D72,3,FALSE) -> 196822 | E12: 1800 | F12: 30 | G12: 12.5 | H12: 25 | I12: 4.2623 | J12: 71 | K12: 6.2224 | L12: -1.96 | P12: 1821 | Q12: 14

Sheet V2 Pretrain
A1: # | B1: Book ID | C1: Size In KB | D1: Chars | E1: Epochs | F1: Time | G1: s/ep | H1: Val Loss | I1: Val PPL | J1: Train Loss
A2: 15 | B2: the_first_steps_in_algebra | C2: 230 | D2: 235706 | E2: 56 | F2: 7.8 | G2: 8.4 | H2: 3.1443 | I2: 23.2 | J2: 2.9939
A3: 2 | B3: a_first_book_in_algebra | C3: 176 | D3: 179877 | E3: 57 | F3: 6.4 | G3: 6.7 | H3: 3.4886 | I3: 32.7 | J3: 3.2819
A4: 7 | B4: first_course_in_the_theory_of_equations | C4: 320 | D4: 326972 | E4: 47 | F4: 8.6 | G4: 11 | H4: 4.5491 | I4: 94.5 | J4: 3.3159
A5: 1 | B5: a_course_of_pure_mathematics | C5: 875 | D5: 895837 | E5: 40 | F5: 16.9 | G5: 25.3 | H5: 4.9402 | I5: 139.8 | J5: 3.2306
A6: 17 | B6: the_theory_of_numbers | C6: 123 | D6: 125756 | E6: 62 | F6: 3.4 | G6: 3.2 | H6: 5.2096 | I6: 183 | J6: 3.5607
A7: 11 | B7: openstax_calculus_volume_1 | C7: 1129 | D7: 1112062 | E7: 32 | F7: 16.8 | G7: 31.5 | H7: 5.2896 | I7: 198.3 | J7: 3.9117
A8: 5 | B8: calculus_made_easy | C8: 256 | D8: 261740 | E8: 56 | F8: 7 | G8: 7.5 | H8: 5.3316 | I8: 206.8 | J8: 4
A9: 3 | B9: amusements_in_mathematics | C9: 888 | D9: 908238 | E9: 36 | F9: 13 | G9: 21.6 | H9: 5.8649 | I9: 352.4 | J9: 4.5705
A10: 14 | B10: the_first_six_books_of_the_elements_of_euclid | C10: 488 | D10: 500054 | E10: 46 | F10: 9.2 | G10: 12 | H10: 6.1505 | I10: 469 | J10: 3.6329
A11: 10 | B11: openstax_algebra_and_trigonometry_2e | C11: 1821 | D11: 1854300 | E11: 37 | F11: 22.9 | G11: 37.2 | H11: 6.1937 | I11: 489.7 | J11: 3.5203
A12: 16 | B12: the_foundations_of_geometry | C12: 192 | D12: 196822 | E12: 65 | F12: 5 | G12: 4.6 | H12: 6.2614 | I12: 524 | J12: 4.0734
A13: 12 | B13: plane_geometry | C13: 300 | D13: 306401 | E13: 50 | F13: 6.3 | G13: 7.6 | H13: 6.3729 | I13: 585.8 | J13: 3.637
... A18: 4 | B18: an_introduction_to_mathematics | C18: 304 | D18: 310852 | E18: 23 | F18: 2.7 | G18: 7 | H18: 7.4965 | I18: 1801.8 | J18: 6.0881

Sheet V2 Pretrain-Bigger Model
A1: # | B1: Book | C1: Size KB | D1: Val Loss | E1: Val PPL | F1: Epochs | G1: Time
A2: 1 | B2: an_introduction_to_nonassociative_algebras | C2: 18 | D2: 0.034 | E2: 1 | F2: 100 | G2: 0.8
A3: 2 | B3: the_first_steps_in_algebra | C3: 230 | D3: 3.1443 | E3: 23.2 | F3: 71 | G3: 9.1
A4: 3 | B4: a_first_book_in_algebra | C4: 176 | D4: 3.488 | E4: 32.7 | F4: 70 | G4: 7.4
A5: 4 | B5: introduction_to_infinitesimal_analysis | C5: 335 | D5: 4.5144 | E5: 91.3 | F5: 77 | G5: 13.6
A6: 5 | B6: geometrical_solutions_derived_from_mechanics | C6: 71 | D6: 4.5231 | E6: 92.1 | F6: 72 | G6: 1.8
A7: 6 | B7: first_course_in_the_theory_of_equations | C7: 320 | D7: 4.5501 | E7: 94.6 | F7: 62 | G7: 10.3
A8: 7 | B8: a_course_of_pure_mathematics | C8: 875 | D8: 4.9402 | E8: 139.8 | F8: 55 | G8: 21.7
A9: 8 | B9: the_theory_of_numbers | C9: 123 | D9: 5.2046 | E9: 182.1 | F9: 81 | G9: 3.9
A10: 9 | B10: elementary_principles_of_statistical_mechanics | C10: 342 | D10: 5.268 | E10: 194 | F10: 64 | G10: 8.2
A11: 10 | B11: openstax_calculus_volume_1 | C11: 1129 | D11: 5.2834 | E11: 197 | F11: 50 | G11: 24.5
A12: 11 | B12: the_mathematical_analysis_of_logic | C12: 134 | D12: 5.3068 | E12: 201.7 | F12: 69 | G12: 3.3
A13: 12 | B13: calculus_made_easy | C13: 256 | D13: 5.3224 | E13: 204.9 | F13: 80 | G13: 9.6
... A43: 42 | B43: an_introduction_to_mathematics | C43: 304 | D43: 7.4517 | E43: 1722.7 | F43: 98 | G43: 10.2
